frameTime,leftGaze direction x,leftGaze direction y,leftGaze direction z,rightGaze direction x,rightGaze direction y,rightGaze direction z,eyePos3D x,eyePos3D y,eyePos3D z
"0","0","0","1","0","0","1","0","0","0"
"0.333334","0","0","1","0","0","1","0","0","0"
"0.3399782","0","0","1","0","0","1","0","0","0"
"0.3460016","0","0","1","0","0","1","0","0","0"
"0.3509665","0","0","1","0","0","1","0","0","0"
"0.355979","0","0","1","0","0","1","0","0","0"
"0.36092","0","0","1","0","0","1","0","0","0"
"0.3658905","0","0","1","0","0","1","0","0","0"
"0.3709059","0","0","1","0","0","1","0","0","0"
"0.3759127","0","0","1","0","0","1","0","0","0"
"0.3808565","0","0","1","0","0","1","0","0","0"
"0.3858881","0","0","1","0","0","1","0","0","0"
"0.3908815","0","0","1","0","0","1","0","0","0"
"0.3958149","0","0","1","0","0","1","0","0","0"
"0.4008808","0","0","1","0","0","1","0","0","0"
"0.4059362","0","0","1","0","0","1","0","0","0"
"0.4107819","0","0","1","0","0","1","0","0","0"
"0.4157858","0","0","1","0","0","1","0","0","0"
"0.4207897","0","0","1","0","0","1","0","0","0"
"0.4258204","0","0","1","0","0","1","0","0","0"
"0.4307232","0","0","1","0","0","1","0","0","0"
"0.4357824","0","0","1","0","0","1","0","0","0"
"0.4407148","0","0","1","0","0","1","0","0","0"
"0.4457903","0","0","1","0","0","1","0","0","0"
"0.4506931","0","0","1","0","0","1","0","0","0"
"0.4557467","0","0","1","0","0","1","0","0","0"
"0.4607115","0","0","1","0","0","1","0","0","0"
"0.4656363","0","0","1","0","0","1","0","0","0"
"0.4717236","0","0","1","0","0","1","0","0","0"
"0.4766054","0","0","1","0","0","1","0","0","0"
"0.4815645","0","0","1","0","0","1","0","0","0"
"0.4867439","0","0","1","0","0","1","0","0","0"
"0.4916239","0","0","1","0","0","1","0","0","0"
"0.4965763","0","0","1","0","0","1","0","0","0"
"0.5015841","0","0","1","0","0","1","0","0","0"
"0.5065632","0","0","1","0","0","1","0","0","0"
"0.5115204","0","0","1","0","0","1","0","0","0"
"0.5165539","0","0","1","0","0","1","0","0","0"
"0.5215235","0","0","1","0","0","1","0","0","0"
"0.5265646","0","0","1","0","0","1","0","0","0"
"0.531517","0","0","1","0","0","1","0","0","0"
"0.5364962","0","0","1","0","0","1","0","0","0"
"0.5415545","0","0","1","0","0","1","0","0","0"
"0.546505","0","0","1","0","0","1","0","0","0"
"0.5515032","0","0","1","0","0","1","0","0","0"
"0.5564499","0","0","1","0","0","1","0","0","0"
"0.562211","0","0","1","0","0","1","0","0","0"
"0.5674572","0","0","1","0","0","1","0","0","0"
"0.5724411","0","0","1","0","0","1","0","0","0"
"0.5774231","0","0","1","0","0","1","0","0","0"
"0.5824299","0","0","1","0","0","1","0","0","0"
"0.5875397","0","0","1","0","0","1","0","0","0"
"0.5923738","0","0","1","0","0","1","0","0","0"
"0.5973444","0","0","1","0","0","1","0","0","0"
"0.6023636","0","0","1","0","0","1","0","0","0"
"0.6073637","0","0","1","0","0","1","0","0","0"
"0.6123209","0","0","1","0","0","1","0","0","0"
"0.6173267","0","0","1","0","0","1","0","0","0"
"0.6223211","0","0","1","0","0","1","0","0","0"
"0.6269674","0","0","1","0","0","1","0","0","0"
"0.6319971","0","0","1","0","0","1","0","0","0"
"0.6370888","0","0","1","0","0","1","0","0","0"
"0.6429005","0","0","1","0","0","1","0","0","0"
"0.6480017","0","0","1","0","0","1","0","0","0"
"0.6529522","0","0","1","0","0","1","0","0","0"
"0.6579142","0","0","1","0","0","1","0","0","0"
"0.6628771","0","0","1","0","0","1","0","0","0"
"0.6678419","0","0","1","0","0","1","0","0","0"
"0.6728621","0","0","1","0","0","1","0","0","0"
"0.6778822","0","0","1","0","0","1","0","0","0"
"0.6828299","0","0","1","0","0","1","0","0","0"
"0.6878176","0","0","1","0","0","1","0","0","0"
"0.6928139","0","0","1","0","0","1","0","0","0"
"0.6977644","0","0","1","0","0","1","0","0","0"
"0.703002","0","0","1","0","0","1","0","0","0"
"0.7087622","0","0","1","0","0","1","0","0","0"
"0.7137823","0","0","1","0","0","1","0","0","0"
"0.7187328","0","0","1","0","0","1","0","0","0"
"0.7241583","0","0","1","0","0","1","0","0","0"
"0.7291031","0","0","1","0","0","1","0","0","0"
"0.7341175","0","0","1","0","0","1","0","0","0"
"0.7391376","0","0","1","0","0","1","0","0","0"
"0.7440853","0","0","1","0","0","1","0","0","0"
"0.7490969","0","0","1","0","0","1","0","0","0"
"0.7540836","0","0","1","0","0","1","0","0","0"
"0.7590122","0","0","1","0","0","1","0","0","0"
"0.7639875","0","0","1","0","0","1","0","0","0"
"0.7689657","0","0","1","0","0","1","0","0","0"
"0.7750263","0","0","1","0","0","1","0","0","0"
"0.7799416","0","0","1","0","0","1","0","0","0"
"0.7849646","0","0","1","0","0","1","0","0","0"
"0.7900305","0","0","1","0","0","1","0","0","0"
"0.795948","0","0","1","0","0","1","0","0","0"
"0.8009396","0","0","1","0","0","1","0","0","0"
"0.8059397","0","0","1","0","0","1","0","0","0"
"0.8108845","0","0","1","0","0","1","0","0","0"
"0.8159313","0","0","1","0","0","1","0","0","0"
"0.8208542","0","0","1","0","0","1","0","0","0"
"0.8258924","0","0","1","0","0","1","0","0","0"
"1.159225","0","0","1","0","0","1","0","0","0"
"1.164639","0","0","1","0","0","1","0","0","0"
"1.169599","0","0","1","0","0","1","0","0","0"
"1.174584","0","0","1","0","0","1","0","0","0"
"1.179547","0","0","1","0","0","1","0","0","0"
"1.186485","0","0","1","0","0","1","0","0","0"
"1.19155","0","0","1","0","0","1","0","0","0"
"1.19653","0","0","1","0","0","1","0","0","0"
"1.201575","0","0","1","0","0","1","0","0","0"
"1.206474","0","0","1","0","0","1","0","0","0"
"1.211562","0","0","1","0","0","1","0","0","0"
"1.216465","0","0","1","0","0","1","0","0","0"
"1.22251","0","0","1","0","0","1","0","0","0"
"1.227407","0","0","1","0","0","1","0","0","0"
"1.232436","0","0","1","0","0","1","0","0","0"
"1.237425","0","0","1","0","0","1","0","0","0"
"1.242438","0","0","1","0","0","1","0","0","0"
"1.247353","0","0","1","0","0","1","0","0","0"
"1.252404","0","0","1","0","0","1","0","0","0"
"1.257353","0","0","1","0","0","1","0","0","0"
"1.262384","0","0","1","0","0","1","0","0","0"
"1.267369","0","0","1","0","0","1","0","0","0"
"1.272278","0","0","1","0","0","1","0","0","0"
"1.277294","0","0","1","0","0","1","0","0","0"
"1.282292","0","0","1","0","0","1","0","0","0"
"1.287858","0","0","1","0","0","1","0","0","0"
"1.293236","0","0","1","0","0","1","0","0","0"
"1.298525","0","0","1","0","0","1","0","0","0"
"1.303237","0","0","1","0","0","1","0","0","0"
"1.308249","0","0","1","0","0","1","0","0","0"
"1.31358","0","0","1","0","0","1","0","0","0"
"1.318184","0","0","1","0","0","1","0","0","0"
"1.323227","0","0","1","0","0","1","0","0","0"
"1.32818","0","0","1","0","0","1","0","0","0"
"1.333179","0","0","1","0","0","1","0","0","0"
"1.338127","0","0","1","0","0","1","0","0","0"
"1.343148","0","0","1","0","0","1","0","0","0"
"1.348165","0","0","1","0","0","1","0","0","0"
"1.353119","0","0","1","0","0","1","0","0","0"
"1.358128","0","0","1","0","0","1","0","0","0"
"1.363113","0","0","1","0","0","1","0","0","0"
"1.368102","0","0","1","0","0","1","0","0","0"
"1.373045","0","0","1","0","0","1","0","0","0"
"1.37803","0","0","1","0","0","1","0","0","0"
"1.383023","0","0","1","0","0","1","0","0","0"
"1.388023","0","0","1","0","0","1","0","0","0"
"1.393106","0","0","1","0","0","1","0","0","0"
"1.39798","0","0","1","0","0","1","0","0","0"
"1.402972","0","0","1","0","0","1","0","0","0"
"1.407964","0","0","1","0","0","1","0","0","0"
"1.412907","0","0","1","0","0","1","0","0","0"
"1.417932","0","0","1","0","0","1","0","0","0"
"1.422908","0","0","1","0","0","1","0","0","0"
"1.42791","0","0","1","0","0","1","0","0","0"
"1.432904","0","0","1","0","0","1","0","0","0"
"1.438012","0","0","1","0","0","1","0","0","0"
"1.443868","0","0","1","0","0","1","0","0","0"
"1.448831","0","0","1","0","0","1","0","0","0"
"1.453895","0","0","1","0","0","1","0","0","0"
"1.458767","0","0","1","0","0","1","0","0","0"
"1.463972","0","0","1","0","0","1","0","0","0"
"1.468822","0","0","1","0","0","1","0","0","0"
"1.473748","0","0","1","0","0","1","0","0","0"
"1.478779","0","0","1","0","0","1","0","0","0"
"1.483758","0","0","1","0","0","1","0","0","0"
"1.48873","0","0","1","0","0","1","0","0","0"
"1.493691","0","0","1","0","0","1","0","0","0"
"1.4987","0","0","1","0","0","1","0","0","0"
"1.503739","0","0","1","0","0","1","0","0","0"
"1.508757","0","0","1","0","0","1","0","0","0"
"1.513695","0","0","1","0","0","1","0","0","0"
"1.51869","0","0","1","0","0","1","0","0","0"
"1.523636","0","0","1","0","0","1","0","0","0"
"1.528726","0","0","1","0","0","1","0","0","0"
"1.53457","0","0","1","0","0","1","0","0","0"
"1.539623","0","0","1","0","0","1","0","0","0"
"1.544548","0","0","1","0","0","1","0","0","0"
"1.549581","0","0","1","0","0","1","0","0","0"
"1.55461","0","0","1","0","0","1","0","0","0"
"1.559512","0","0","1","0","0","1","0","0","0"
"1.564528","0","0","1","0","0","1","0","0","0"
"1.569549","0","0","1","0","0","1","0","0","0"
"1.574715","0","0","1","0","0","1","0","0","0"
"1.579518","0","0","1","0","0","1","0","0","0"
"1.584465","0","0","1","0","0","1","0","0","0"
"1.589463","0","0","1","0","0","1","0","0","0"
"1.594491","0","0","1","0","0","1","0","0","0"
"1.599444","0","0","1","0","0","1","0","0","0"
"1.604455","0","0","1","0","0","1","0","0","0"
"1.609406","0","0","1","0","0","1","0","0","0"
"1.614494","0","0","1","0","0","1","0","0","0"
"1.619402","0","0","1","0","0","1","0","0","0"
"1.624395","0","0","1","0","0","1","0","0","0"
"1.629362","0","0","1","0","0","1","0","0","0"
"1.634363","0","0","1","0","0","1","0","0","0"
"1.639344","0","0","1","0","0","1","0","0","0"
"1.64431","0","0","1","0","0","1","0","0","0"
"1.649361","0","0","1","0","0","1","0","0","0"
"1.654448","0","0","1","0","0","1","0","0","0"
"1.659271","0","0","1","0","0","1","0","0","0"
"1.992605","0","0","1","0","0","1","0","0","0"
"1.997751","0","0","1","0","0","1","0","0","0"
"2.002755","0","0","1","0","0","1","0","0","0"
"2.007739","0","0","1","0","0","1","0","0","0"
"2.012728","0","0","1","0","0","1","0","0","0"
"2.01771","0","0","1","0","0","1","0","0","0"
"2.022662","0","0","1","0","0","1","0","0","0"
"2.027724","0","0","1","0","0","1","0","0","0"
"2.032652","0","0","1","0","0","1","0","0","0"
"2.0377","0","0","1","0","0","1","0","0","0"
"2.042623","0","0","1","0","0","1","0","0","0"
"2.047608","0","0","1","0","0","1","0","0","0"
"2.052627","0","0","1","0","0","1","0","0","0"
"2.058588","0","0","1","0","0","1","0","0","0"
"2.063578","0","0","1","0","0","1","0","0","0"
"2.068608","0","0","1","0","0","1","0","0","0"
"2.074536","0","0","1","0","0","1","0","0","0"
"2.079572","0","0","1","0","0","1","0","0","0"
"2.084536","0","0","1","0","0","1","0","0","0"
"2.089516","0","0","1","0","0","1","0","0","0"
"2.094529","0","0","1","0","0","1","0","0","0"
"2.099495","0","0","1","0","0","1","0","0","0"
"2.104495","0","0","1","0","0","1","0","0","0"
"2.109388","0","0","1","0","0","1","0","0","0"
"2.114436","0","0","1","0","0","1","0","0","0"
"2.119617","0","0","1","0","0","1","0","0","0"
"2.124363","0","0","1","0","0","1","0","0","0"
"2.130676","0","0","1","0","0","1","0","0","0"
"2.135374","0","0","1","0","0","1","0","0","0"
"2.140349","0","0","1","0","0","1","0","0","0"
"2.145808","0","0","1","0","0","1","0","0","0"
"2.151389","0","0","1","0","0","1","0","0","0"
"2.156344","0","0","1","0","0","1","0","0","0"
"2.161342","0","0","1","0","0","1","0","0","0"
"2.166307","0","0","1","0","0","1","0","0","0"
"2.171303","0","0","1","0","0","1","0","0","0"
"2.176269","0","0","1","0","0","1","0","0","0"
"2.18122","0","0","1","0","0","1","0","0","0"
"2.186286","0","0","1","0","0","1","0","0","0"
"2.191202","0","0","1","0","0","1","0","0","0"
"2.196271","0","0","1","0","0","1","0","0","0"
"2.201221","0","0","1","0","0","1","0","0","0"
"2.206154","0","0","1","0","0","1","0","0","0"
"2.211195","0","0","1","0","0","1","0","0","0"
"2.216352","0","0","1","0","0","1","0","0","0"
"2.222959","0","0","1","0","0","1","0","0","0"
"2.228113","0","0","1","0","0","1","0","0","0"
"2.233121","0","0","1","0","0","1","0","0","0"
"2.238339","0","0","1","0","0","1","0","0","0"
"2.24306","0","0","1","0","0","1","0","0","0"
"2.248067","0","0","1","0","0","1","0","0","0"
"2.253052","0","0","1","0","0","1","0","0","0"
"2.258052","0","0","1","0","0","1","0","0","0"
"2.263071","0","0","1","0","0","1","0","0","0"
"2.267977","0","0","1","0","0","1","0","0","0"
"2.272975","0","0","1","0","0","1","0","0","0"
"2.278113","0","0","1","0","0","1","0","0","0"
"2.282984","0","0","1","0","0","1","0","0","0"
"2.288015","0","0","1","0","0","1","0","0","0"
"2.292954","0","0","1","0","0","1","0","0","0"
"2.298079","0","0","1","0","0","1","0","0","0"
"2.302934","0","0","1","0","0","1","0","0","0"
"2.30874","0","0","1","0","0","1","0","0","0"
"2.313887","0","0","1","0","0","1","0","0","0"
"2.318865","0","0","1","0","0","1","0","0","0"
"2.323869","0","0","1","0","0","1","0","0","0"
"2.328897","0","0","1","0","0","1","0","0","0"
"2.333866","0","0","1","0","0","1","0","0","0"
"2.338834","0","0","1","0","0","1","0","0","0"
"2.343793","0","0","1","0","0","1","0","0","0"
"2.348817","0","0","1","0","0","1","0","0","0"
"2.354443","0","0","1","0","0","1","0","0","0"
"2.359739","0","0","1","0","0","1","0","0","0"
"2.364738","0","0","1","0","0","1","0","0","0"
"2.369761","0","0","1","0","0","1","0","0","0"
"2.374721","0","0","1","0","0","1","0","0","0"
"2.37974","0","0","1","0","0","1","0","0","0"
"2.384723","0","0","1","0","0","1","0","0","0"
"2.389708","0","0","1","0","0","1","0","0","0"
"2.394675","0","0","1","0","0","1","0","0","0"
"2.399732","0","0","1","0","0","1","0","0","0"
"2.404667","0","0","1","0","0","1","0","0","0"
"2.409634","0","0","1","0","0","1","0","0","0"
"2.414655","0","0","1","0","0","1","0","0","0"
"2.419645","0","0","1","0","0","1","0","0","0"
"2.424633","0","0","1","0","0","1","0","0","0"
"2.429611","0","0","1","0","0","1","0","0","0"
"2.434556","0","0","1","0","0","1","0","0","0"
"2.439519","0","0","1","0","0","1","0","0","0"
"2.444533","0","0","1","0","0","1","0","0","0"
"2.449686","0","0","1","0","0","1","0","0","0"
"2.454532","0","0","1","0","0","1","0","0","0"
"2.459598","0","0","1","0","0","1","0","0","0"
"2.464509","0","0","1","0","0","1","0","0","0"
"2.469462","0","0","1","0","0","1","0","0","0"
"2.474499","0","0","1","0","0","1","0","0","0"
"2.479449","0","0","1","0","0","1","0","0","0"
"2.484426","0","0","1","0","0","1","0","0","0"
"2.489437","0","0","1","0","0","1","0","0","0"
"2.494427","0","0","1","0","0","1","0","0","0"
"2.82776","0","0","1","0","0","1","0","0","0"
"2.833206","0","0","1","0","0","1","0","0","0"
"2.838174","0","0","1","0","0","1","0","0","0"
"2.843161","0","0","1","0","0","1","0","0","0"
"2.848166","0","0","1","0","0","1","0","0","0"
"2.853123","0","0","1","0","0","1","0","0","0"
"2.858096","0","0","1","0","0","1","0","0","0"
"2.863125","0","0","1","0","0","1","0","0","0"
"2.868117","0","0","1","0","0","1","0","0","0"
"2.873095","0","0","1","0","0","1","0","0","0"
"2.87809","0","0","1","0","0","1","0","0","0"
"2.883183","0","0","1","0","0","1","0","0","0"
"2.888037","0","0","1","0","0","1","0","0","0"
"2.893044","0","0","1","0","0","1","0","0","0"
"2.898059","0","0","1","0","0","1","0","0","0"
"2.90308","0","0","1","0","0","1","0","0","0"
"2.907956","0","0","1","0","0","1","0","0","0"
"2.913107","0","0","1","0","0","1","0","0","0"
"2.91795","0","0","1","0","0","1","0","0","0"
"2.92294","0","0","1","0","0","1","0","0","0"
"2.927882","0","0","1","0","0","1","0","0","0"
"2.932956","0","0","1","0","0","1","0","0","0"
"2.93789","0","0","1","0","0","1","0","0","0"
"2.942897","0","0","1","0","0","1","0","0","0"
"2.947914","0","0","1","0","0","1","0","0","0"
"2.952832","0","0","1","0","0","1","0","0","0"
"2.957809","0","0","1","0","0","1","0","0","0"
"2.962845","0","0","1","0","0","1","0","0","0"
"2.967807","0","0","1","0","0","1","0","0","0"
"2.972841","0","0","1","0","0","1","0","0","0"
"2.97791","0","0","1","0","0","1","0","0","0"
"2.982783","0","0","1","0","0","1","0","0","0"
"2.987823","0","0","1","0","0","1","0","0","0"
"2.9928","0","0","1","0","0","1","0","0","0"
"2.998034","0","0","1","0","0","1","0","0","0"
"3.003712","0","0","1","0","0","1","0","0","0"
"3.008787","0","0","1","0","0","1","0","0","0"
"3.013674","0","0","1","0","0","1","0","0","0"
"3.018725","0","0","1","0","0","1","0","0","0"
"3.024281","0","0","1","0","0","1","0","0","0"
"3.029733","0","0","1","0","0","1","0","0","0"
"3.034797","0","0","1","0","0","1","0","0","0"
"3.039732","0","0","1","0","0","1","0","0","0"
"3.044703","0","0","1","0","0","1","0","0","0"
"3.049688","0","0","1","0","0","1","0","0","0"
"3.054925","0","0","1","0","0","1","0","0","0"
"3.060646","0","0","1","0","0","1","0","0","0"
"3.065636","0","0","1","0","0","1","0","0","0"
"3.071089","0","0","1","0","0","1","0","0","0"
"3.076632","0","0","1","0","0","1","0","0","0"
"3.081643","0","0","1","0","0","1","0","0","0"
"3.087253","0","0","1","0","0","1","0","0","0"
"3.092578","0","0","1","0","0","1","0","0","0"
"3.097576","0","0","1","0","0","1","0","0","0"
"3.102554","0","0","1","0","0","1","0","0","0"
"3.107518","0","0","1","0","0","1","0","0","0"
"3.112535","0","0","1","0","0","1","0","0","0"
"3.117493","0","0","1","0","0","1","0","0","0"
"3.122492","0","0","1","0","0","1","0","0","0"
"3.127525","0","0","1","0","0","1","0","0","0"
"3.132565","0","0","1","0","0","1","0","0","0"
"3.137431","0","0","1","0","0","1","0","0","0"
"3.142415","0","0","1","0","0","1","0","0","0"
"3.148515","0","0","1","0","0","1","0","0","0"
"3.153356","0","0","1","0","0","1","0","0","0"
"3.158397","0","0","1","0","0","1","0","0","0"
"3.163784","0","0","1","0","0","1","0","0","0"
"3.169375","0","0","1","0","0","1","0","0","0"
"3.174314","0","0","1","0","0","1","0","0","0"
"3.179313","0","0","1","0","0","1","0","0","0"
"3.184338","0","0","1","0","0","1","0","0","0"
"3.189341","0","0","1","0","0","1","0","0","0"
"3.194778","0","0","1","0","0","1","0","0","0"
"3.200291","0","0","1","0","0","1","0","0","0"
"3.205237","0","0","1","0","0","1","0","0","0"
"3.210226","0","0","1","0","0","1","0","0","0"
"3.215291","0","0","1","0","0","1","0","0","0"
"3.220173","0","0","1","0","0","1","0","0","0"
"3.225203","0","0","1","0","0","1","0","0","0"
"3.230658","0","0","1","0","0","1","0","0","0"
"3.23621","0","0","1","0","0","1","0","0","0"
"3.24116","0","0","1","0","0","1","0","0","0"
"3.2462","0","0","1","0","0","1","0","0","0"
"3.251154","0","0","1","0","0","1","0","0","0"
"3.256147","0","0","1","0","0","1","0","0","0"
"3.261178","0","0","1","0","0","1","0","0","0"
"3.266091","0","0","1","0","0","1","0","0","0"
"3.271098","0","0","1","0","0","1","0","0","0"
"3.27606","0","0","1","0","0","1","0","0","0"
"3.281072","0","0","1","0","0","1","0","0","0"
"3.2862","0","0","1","0","0","1","0","0","0"
"3.291008","0","0","1","0","0","1","0","0","0"
"3.296046","0","0","1","0","0","1","0","0","0"
"3.301042","0","0","1","0","0","1","0","0","0"
"3.306045","0","0","1","0","0","1","0","0","0"
"3.311028","0","0","1","0","0","1","0","0","0"
"3.316","0","0","1","0","0","1","0","0","0"
"3.320983","0","0","1","0","0","1","0","0","0"
"3.326071","0","0","1","0","0","1","0","0","0"
"3.659404","0","0","1","0","0","1","0","0","0"
"3.664716","0","0","1","0","0","1","0","0","0"
"3.669696","0","0","1","0","0","1","0","0","0"
"3.674664","0","0","1","0","0","1","0","0","0"
"3.679679","0","0","1","0","0","1","0","0","0"
"3.684614","0","0","1","0","0","1","0","0","0"
"3.689593","0","0","1","0","0","1","0","0","0"
"3.694632","0","0","1","0","0","1","0","0","0"
"3.699566","0","0","1","0","0","1","0","0","0"
"3.70462","0","0","1","0","0","1","0","0","0"
"3.709552","0","0","1","0","0","1","0","0","0"
"3.714593","0","0","1","0","0","1","0","0","0"
"3.719519","0","0","1","0","0","1","0","0","0"
"3.724537","0","0","1","0","0","1","0","0","0"
"3.72955","0","0","1","0","0","1","0","0","0"
"3.734514","0","0","1","0","0","1","0","0","0"
"3.739497","0","0","1","0","0","1","0","0","0"
"3.744486","0","0","1","0","0","1","0","0","0"
"3.749482","0","0","1","0","0","1","0","0","0"
"3.754972","0","0","1","0","0","1","0","0","0"
"3.75996","0","0","1","0","0","1","0","0","0"
"3.764936","0","0","1","0","0","1","0","0","0"
"3.769929","0","0","1","0","0","1","0","0","0"
"3.774886","0","0","1","0","0","1","0","0","0"
"3.779881","0","0","1","0","0","1","0","0","0"
"3.784886","0","0","1","0","0","1","0","0","0"
"3.78985","0","0","1","0","0","1","0","0","0"
"3.794852","0","0","1","0","0","1","0","0","0"
"3.799811","0","0","1","0","0","1","0","0","0"
"3.80482","0","0","1","0","0","1","0","0","0"
"3.810315","0","0","1","0","0","1","0","0","0"
"3.815801","0","0","1","0","0","1","0","0","0"
"3.820773","0","0","1","0","0","1","0","0","0"
"3.825859","0","0","1","0","0","1","0","0","0"
"3.830796","0","0","1","0","0","1","0","0","0"
"3.835721","0","0","1","0","0","1","0","0","0"
"3.840821","0","0","1","0","0","1","0","0","0"
"3.845691","0","0","1","0","0","1","0","0","0"
"3.850745","0","0","1","0","0","1","0","0","0"
"3.855701","0","0","1","0","0","1","0","0","0"
"3.8607","0","0","1","0","0","1","0","0","0"
"3.865671","0","0","1","0","0","1","0","0","0"
"3.870655","0","0","1","0","0","1","0","0","0"
"3.875656","0","0","1","0","0","1","0","0","0"
"3.880602","0","0","1","0","0","1","0","0","0"
"3.8856","0","0","1","0","0","1","0","0","0"
"3.890613","0","0","1","0","0","1","0","0","0"
"3.895541","0","0","1","0","0","1","0","0","0"
"3.901511","0","0","1","0","0","1","0","0","0"
"3.906506","0","0","1","0","0","1","0","0","0"
"3.911532","0","0","1","0","0","1","0","0","0"
"3.916547","0","0","1","0","0","1","0","0","0"
"3.921576","0","0","1","0","0","1","0","0","0"
"3.926488","0","0","1","0","0","1","0","0","0"
"3.931496","0","0","1","0","0","1","0","0","0"
"3.936436","0","0","1","0","0","1","0","0","0"
"3.941459","0","0","1","0","0","1","0","0","0"
"3.94647","0","0","1","0","0","1","0","0","0"
"3.951417","0","0","1","0","0","1","0","0","0"
"3.95644","0","0","1","0","0","1","0","0","0"
"3.961489","0","0","1","0","0","1","0","0","0"
"3.966414","0","0","1","0","0","1","0","0","0"
"3.971664","0","0","1","0","0","1","0","0","0"
"3.977321","0","0","1","0","0","1","0","0","0"
"3.98238","0","0","1","0","0","1","0","0","0"
"3.987326","0","0","1","0","0","1","0","0","0"
"3.992359","0","0","1","0","0","1","0","0","0"
"3.99732","0","0","1","0","0","1","0","0","0"
"4.002287","0","0","1","0","0","1","0","0","0"
"4.007301","0","0","1","0","0","1","0","0","0"
"4.012252","0","0","1","0","0","1","0","0","0"
"4.017284","0","0","1","0","0","1","0","0","0"
"4.02224","0","0","1","0","0","1","0","0","0"
"4.027253","0","0","1","0","0","1","0","0","0"
"4.032208","0","0","1","0","0","1","0","0","0"
"4.037189","0","0","1","0","0","1","0","0","0"
"4.042217","0","0","1","0","0","1","0","0","0"
"4.047197","0","0","1","0","0","1","0","0","0"
"4.052115","0","0","1","0","0","1","0","0","0"
"4.057145","0","0","1","0","0","1","0","0","0"
"4.06211","0","0","1","0","0","1","0","0","0"
"4.067168","0","0","1","0","0","1","0","0","0"
"4.072084","0","0","1","0","0","1","0","0","0"
"4.077076","0","0","1","0","0","1","0","0","0"
"4.082146","0","0","1","0","0","1","0","0","0"
"4.087044","0","0","1","0","0","1","0","0","0"
"4.092052","0","0","1","0","0","1","0","0","0"
"4.096983","0","0","1","0","0","1","0","0","0"
"4.101987","0","0","1","0","0","1","0","0","0"
"4.107226","0","0","1","0","0","1","0","0","0"
"4.112075","0","0","1","0","0","1","0","0","0"
"4.116984","0","0","1","0","0","1","0","0","0"
"4.121914","0","0","1","0","0","1","0","0","0"
"4.126983","0","0","1","0","0","1","0","0","0"
"4.13198","0","0","1","0","0","1","0","0","0"
"4.136933","0","0","1","0","0","1","0","0","0"
"4.141974","0","0","1","0","0","1","0","0","0"
"4.146867","0","0","1","0","0","1","0","0","0"
"4.151906","0","0","1","0","0","1","0","0","0"
"4.156873","0","0","1","0","0","1","0","0","0"
"4.161846","0","0","1","0","0","1","0","0","0"
"4.495179","0","0","1","0","0","1","0","0","0"
"4.500806","0","0","1","0","0","1","0","0","0"
"4.50639","0","0","1","0","0","1","0","0","0"
"4.511385","0","0","1","0","0","1","0","0","0"
"4.51637","0","0","1","0","0","1","0","0","0"
"4.52118","0","0","1","0","0","1","0","0","0"
"4.5261","0","0","1","0","0","1","0","0","0"
"4.531075","0","0","1","0","0","1","0","0","0"
"4.536085","0","0","1","0","0","1","0","0","0"
"4.541122","0","0","1","0","0","1","0","0","0"
"4.546112","0","0","1","0","0","1","0","0","0"
"4.551034","0","0","1","0","0","1","0","0","0"
"4.556063","0","0","1","0","0","1","0","0","0"
"4.561012","0","0","1","0","0","1","0","0","0"
"4.566041","0","0","1","0","0","1","0","0","0"
"4.571017","0","0","1","0","0","1","0","0","0"
"4.576454","0","0","1","0","0","1","0","0","0"
"4.581978","0","0","1","0","0","1","0","0","0"
"4.58705","0","0","1","0","0","1","0","0","0"
"4.591952","0","0","1","0","0","1","0","0","0"
"4.596983","0","0","1","0","0","1","0","0","0"
"4.601922","0","0","1","0","0","1","0","0","0"
"4.60694","0","0","1","0","0","1","0","0","0"
"4.61196","0","0","1","0","0","1","0","0","0"
"4.616879","0","0","1","0","0","1","0","0","0"
"4.622732","0","0","1","0","0","1","0","0","0"
"4.628086","0","0","1","0","0","1","0","0","0"
"4.633105","0","0","1","0","0","1","0","0","0"
"4.638448","0","0","1","0","0","1","0","0","0"
"4.644072","0","0","1","0","0","1","0","0","0"
"4.649162","0","0","1","0","0","1","0","0","0"
"4.654113","0","0","1","0","0","1","0","0","0"
"4.659438","0","0","1","0","0","1","0","0","0"
"4.665092","0","0","1","0","0","1","0","0","0"
"4.672526","0","0","1","0","0","1","0","0","0"
"4.678042","0","0","1","0","0","1","0","0","0"
"4.68299","0","0","1","0","0","1","0","0","0"
"4.688249","0","0","1","0","0","1","0","0","0"
"4.693934","0","0","1","0","0","1","0","0","0"
"4.698985","0","0","1","0","0","1","0","0","0"
"4.70391","0","0","1","0","0","1","0","0","0"
"4.708886","0","0","1","0","0","1","0","0","0"
"4.713912","0","0","1","0","0","1","0","0","0"
"4.718898","0","0","1","0","0","1","0","0","0"
"4.723921","0","0","1","0","0","1","0","0","0"
"4.728818","0","0","1","0","0","1","0","0","0"
"4.733809","0","0","1","0","0","1","0","0","0"
"4.738836","0","0","1","0","0","1","0","0","0"
"4.743842","0","0","1","0","0","1","0","0","0"
"4.748831","0","0","1","0","0","1","0","0","0"
"4.753758","0","0","1","0","0","1","0","0","0"
"4.758808","0","0","1","0","0","1","0","0","0"
"4.763783","0","0","1","0","0","1","0","0","0"
"4.768733","0","0","1","0","0","1","0","0","0"
"4.773799","0","0","1","0","0","1","0","0","0"
"4.778751","0","0","1","0","0","1","0","0","0"
"4.783737","0","0","1","0","0","1","0","0","0"
"4.788749","0","0","1","0","0","1","0","0","0"
"4.79368","0","0","1","0","0","1","0","0","0"
"4.798697","0","0","1","0","0","1","0","0","0"
"4.803906","0","0","1","0","0","1","0","0","0"
"4.808601","0","0","1","0","0","1","0","0","0"
"4.813686","0","0","1","0","0","1","0","0","0"
"4.818604","0","0","1","0","0","1","0","0","0"
"4.823651","0","0","1","0","0","1","0","0","0"
"4.828712","0","0","1","0","0","1","0","0","0"
"4.833548","0","0","1","0","0","1","0","0","0"
"4.838592","0","0","1","0","0","1","0","0","0"
"4.843546","0","0","1","0","0","1","0","0","0"
"4.848592","0","0","1","0","0","1","0","0","0"
"4.853522","0","0","1","0","0","1","0","0","0"
"4.85854","0","0","1","0","0","1","0","0","0"
"4.863551","0","0","1","0","0","1","0","0","0"
"4.868486","0","0","1","0","0","1","0","0","0"
"4.874646","0","0","1","0","0","1","0","0","0"
"4.879422","0","0","1","0","0","1","0","0","0"
"4.884425","0","0","1","0","0","1","0","0","0"
"4.889449","0","0","1","0","0","1","0","0","0"
"4.894409","0","0","1","0","0","1","0","0","0"
"4.899394","0","0","1","0","0","1","0","0","0"
"4.904372","0","0","1","0","0","1","0","0","0"
"4.909374","0","0","1","0","0","1","0","0","0"
"4.914404","0","0","1","0","0","1","0","0","0"
"4.920314","0","0","1","0","0","1","0","0","0"
"4.925311","0","0","1","0","0","1","0","0","0"
"4.930287","0","0","1","0","0","1","0","0","0"
"4.935306","0","0","1","0","0","1","0","0","0"
"4.940338","0","0","1","0","0","1","0","0","0"
"4.945251","0","0","1","0","0","1","0","0","0"
"4.950808","0","0","1","0","0","1","0","0","0"
"4.956342","0","0","1","0","0","1","0","0","0"
"4.96125","0","0","1","0","0","1","0","0","0"
"4.96627","0","0","1","0","0","1","0","0","0"
"4.972219","0","0","1","0","0","1","0","0","0"
"4.977221","0","0","1","0","0","1","0","0","0"
"4.982219","0","0","1","0","0","1","0","0","0"
"4.987195","0","0","1","0","0","1","0","0","0"
"4.992256","0","0","1","0","0","1","0","0","0"
"4.997166","0","0","1","0","0","1","0","0","0"
"5.330499","0","0","1","0","0","1","0","0","0"
"5.336375","0","0","1","0","0","1","0","0","0"
"5.341807","0","0","1","0","0","1","0","0","0"
"5.346765","0","0","1","0","0","1","0","0","0"
"5.351736","0","0","1","0","0","1","0","0","0"
"5.356772","0","0","1","0","0","1","0","0","0"
"5.361699","0","0","1","0","0","1","0","0","0"
"5.366718","0","0","1","0","0","1","0","0","0"
"5.371653","0","0","1","0","0","1","0","0","0"
"5.37668","0","0","1","0","0","1","0","0","0"
"5.38167","0","0","1","0","0","1","0","0","0"
"5.386605","0","0","1","0","0","1","0","0","0"
"5.392017","0","0","1","0","0","1","0","0","0"
"5.397682","0","0","1","0","0","1","0","0","0"
"5.402652","0","0","1","0","0","1","0","0","0"
"5.407625","0","0","1","0","0","1","0","0","0"
"5.412595","0","0","1","0","0","1","0","0","0"
"5.417539","0","0","1","0","0","1","0","0","0"
"5.422569","0","0","1","0","0","1","0","0","0"
"5.427486","0","0","1","0","0","1","0","0","0"
"5.432902","0","0","1","0","0","1","0","0","0"
"5.438514","0","0","1","0","0","1","0","0","0"
"5.444527","0","0","1","0","0","1","0","0","0"
"5.449488","0","0","1","0","0","1","0","0","0"
"5.454476","0","0","1","0","0","1","0","0","0"
"5.459496","0","0","1","0","0","1","0","0","0"
"5.464417","0","0","1","0","0","1","0","0","0"
"5.469434","0","0","1","0","0","1","0","0","0"
"5.474414","0","0","1","0","0","1","0","0","0"
"5.479537","0","0","1","0","0","1","0","0","0"
"5.485667","0","0","1","0","0","1","0","0","0"
"5.49141","0","0","1","0","0","1","0","0","0"
"5.496397","0","0","1","0","0","1","0","0","0"
"5.501326","0","0","1","0","0","1","0","0","0"
"5.506294","0","0","1","0","0","1","0","0","0"
"5.511302","0","0","1","0","0","1","0","0","0"
"5.51633","0","0","1","0","0","1","0","0","0"
"5.521256","0","0","1","0","0","1","0","0","0"
"5.52628","0","0","1","0","0","1","0","0","0"
"5.531219","0","0","1","0","0","1","0","0","0"
"5.53625","0","0","1","0","0","1","0","0","0"
"5.54128","0","0","1","0","0","1","0","0","0"
"5.546218","0","0","1","0","0","1","0","0","0"
"5.551212","0","0","1","0","0","1","0","0","0"
"5.556171","0","0","1","0","0","1","0","0","0"
"5.561197","0","0","1","0","0","1","0","0","0"
"5.566211","0","0","1","0","0","1","0","0","0"
"5.57114","0","0","1","0","0","1","0","0","0"
"5.576136","0","0","1","0","0","1","0","0","0"
"5.581161","0","0","1","0","0","1","0","0","0"
"5.586112","0","0","1","0","0","1","0","0","0"
"5.591181","0","0","1","0","0","1","0","0","0"
"5.596121","0","0","1","0","0","1","0","0","0"
"5.601068","0","0","1","0","0","1","0","0","0"
"5.606078","0","0","1","0","0","1","0","0","0"
"5.611095","0","0","1","0","0","1","0","0","0"
"5.616091","0","0","1","0","0","1","0","0","0"
"5.621106","0","0","1","0","0","1","0","0","0"
"5.626028","0","0","1","0","0","1","0","0","0"
"5.631002","0","0","1","0","0","1","0","0","0"
"5.636053","0","0","1","0","0","1","0","0","0"
"5.641009","0","0","1","0","0","1","0","0","0"
"5.645975","0","0","1","0","0","1","0","0","0"
"5.650954","0","0","1","0","0","1","0","0","0"
"5.655931","0","0","1","0","0","1","0","0","0"
"5.66093","0","0","1","0","0","1","0","0","0"
"5.665958","0","0","1","0","0","1","0","0","0"
"5.670898","0","0","1","0","0","1","0","0","0"
"5.675883","0","0","1","0","0","1","0","0","0"
"5.680903","0","0","1","0","0","1","0","0","0"
"5.685811","0","0","1","0","0","1","0","0","0"
"5.690868","0","0","1","0","0","1","0","0","0"
"5.695805","0","0","1","0","0","1","0","0","0"
"5.700832","0","0","1","0","0","1","0","0","0"
"5.70577","0","0","1","0","0","1","0","0","0"
"5.71093","0","0","1","0","0","1","0","0","0"
"5.715795","0","0","1","0","0","1","0","0","0"
"5.720963","0","0","1","0","0","1","0","0","0"
"5.725737","0","0","1","0","0","1","0","0","0"
"5.730753","0","0","1","0","0","1","0","0","0"
"5.736557","0","0","1","0","0","1","0","0","0"
"5.74168","0","0","1","0","0","1","0","0","0"
"5.746696","0","0","1","0","0","1","0","0","0"
"5.75186","0","0","1","0","0","1","0","0","0"
"5.757701","0","0","1","0","0","1","0","0","0"
"5.76265","0","0","1","0","0","1","0","0","0"
"5.768043","0","0","1","0","0","1","0","0","0"
"5.773614","0","0","1","0","0","1","0","0","0"
"5.778698","0","0","1","0","0","1","0","0","0"
"5.783566","0","0","1","0","0","1","0","0","0"
"5.788625","0","0","1","0","0","1","0","0","0"
"5.793572","0","0","1","0","0","1","0","0","0"
"5.798514","0","0","1","0","0","1","0","0","0"
"5.80363","0","0","1","0","0","1","0","0","0"
"5.808477","0","0","1","0","0","1","0","0","0"
"5.814053","0","0","1","0","0","1","0","0","0"
"5.819507","0","0","1","0","0","1","0","0","0"
"5.824515","0","0","1","0","0","1","0","0","0"
"5.829477","0","0","1","0","0","1","0","0","0"
"6.162811","0","0","1","0","0","1","0","0","0"
"6.168179","0","0","1","0","0","1","0","0","0"
"6.173111","0","0","1","0","0","1","0","0","0"
"6.178092","0","0","1","0","0","1","0","0","0"
"6.183124","0","0","1","0","0","1","0","0","0"
"6.18806","0","0","1","0","0","1","0","0","0"
"6.193077","0","0","1","0","0","1","0","0","0"
"6.198054","0","0","1","0","0","1","0","0","0"
"6.203006","0","0","1","0","0","1","0","0","0"
"6.208058","0","0","1","0","0","1","0","0","0"
"6.212997","0","0","1","0","0","1","0","0","0"
"6.218076","0","0","1","0","0","1","0","0","0"
"6.222953","0","0","1","0","0","1","0","0","0"
"6.22791","0","0","1","0","0","1","0","0","0"
"6.232985","0","0","1","0","0","1","0","0","0"
"6.238098","0","0","1","0","0","1","0","0","0"
"6.243952","0","0","1","0","0","1","0","0","0"
"6.248909","0","0","1","0","0","1","0","0","0"
"6.253957","0","0","1","0","0","1","0","0","0"
"6.259036","0","0","1","0","0","1","0","0","0"
"6.264857","0","0","1","0","0","1","0","0","0"
"6.269862","0","0","1","0","0","1","0","0","0"
"6.274867","0","0","1","0","0","1","0","0","0"
"6.279807","0","0","1","0","0","1","0","0","0"
"6.285427","0","0","1","0","0","1","0","0","0"
"6.290415","0","0","1","0","0","1","0","0","0"
"6.295444","0","0","1","0","0","1","0","0","0"
"6.30042","0","0","1","0","0","1","0","0","0"
"6.305408","0","0","1","0","0","1","0","0","0"
"6.31038","0","0","1","0","0","1","0","0","0"
"6.315487","0","0","1","0","0","1","0","0","0"
"6.320381","0","0","1","0","0","1","0","0","0"
"6.325355","0","0","1","0","0","1","0","0","0"
"6.330322","0","0","1","0","0","1","0","0","0"
"6.335356","0","0","1","0","0","1","0","0","0"
"6.341376","0","0","1","0","0","1","0","0","0"
"6.34629","0","0","1","0","0","1","0","0","0"
"6.351307","0","0","1","0","0","1","0","0","0"
"6.356261","0","0","1","0","0","1","0","0","0"
"6.361243","0","0","1","0","0","1","0","0","0"
"6.366294","0","0","1","0","0","1","0","0","0"
"6.371186","0","0","1","0","0","1","0","0","0"
"6.376187","0","0","1","0","0","1","0","0","0"
"6.381129","0","0","1","0","0","1","0","0","0"
"6.386181","0","0","1","0","0","1","0","0","0"
"6.391086","0","0","1","0","0","1","0","0","0"
"6.395996","0","0","1","0","0","1","0","0","0"
"6.40097","0","0","1","0","0","1","0","0","0"
"6.406004","0","0","1","0","0","1","0","0","0"
"6.411033","0","0","1","0","0","1","0","0","0"
"6.415993","0","0","1","0","0","1","0","0","0"
"6.420941","0","0","1","0","0","1","0","0","0"
"6.425981","0","0","1","0","0","1","0","0","0"
"6.430942","0","0","1","0","0","1","0","0","0"
"6.435923","0","0","1","0","0","1","0","0","0"
"6.440996","0","0","1","0","0","1","0","0","0"
"6.445911","0","0","1","0","0","1","0","0","0"
"6.450897","0","0","1","0","0","1","0","0","0"
"6.45588","0","0","1","0","0","1","0","0","0"
"6.460865","0","0","1","0","0","1","0","0","0"
"6.465976","0","0","1","0","0","1","0","0","0"
"6.470828","0","0","1","0","0","1","0","0","0"
"6.475863","0","0","1","0","0","1","0","0","0"
"6.48081","0","0","1","0","0","1","0","0","0"
"6.485799","0","0","1","0","0","1","0","0","0"
"6.490834","0","0","1","0","0","1","0","0","0"
"6.495751","0","0","1","0","0","1","0","0","0"
"6.500724","0","0","1","0","0","1","0","0","0"
"6.506027","0","0","1","0","0","1","0","0","0"
"6.510702","0","0","1","0","0","1","0","0","0"
"6.515743","0","0","1","0","0","1","0","0","0"
"6.521183","0","0","1","0","0","1","0","0","0"
"6.526711","0","0","1","0","0","1","0","0","0"
"6.531722","0","0","1","0","0","1","0","0","0"
"6.536696","0","0","1","0","0","1","0","0","0"
"6.54213","0","0","1","0","0","1","0","0","0"
"6.547634","0","0","1","0","0","1","0","0","0"
"6.552632","0","0","1","0","0","1","0","0","0"
"6.557835","0","0","1","0","0","1","0","0","0"
"6.562594","0","0","1","0","0","1","0","0","0"
"6.567589","0","0","1","0","0","1","0","0","0"
"6.572562","0","0","1","0","0","1","0","0","0"
"6.577594","0","0","1","0","0","1","0","0","0"
"6.582563","0","0","1","0","0","1","0","0","0"
"6.587543","0","0","1","0","0","1","0","0","0"
"6.592521","0","0","1","0","0","1","0","0","0"
"6.5983","0","0","1","0","0","1","0","0","0"
"6.603536","0","0","1","0","0","1","0","0","0"
"6.608468","0","0","1","0","0","1","0","0","0"
"6.613445","0","0","1","0","0","1","0","0","0"
"6.618599","0","0","1","0","0","1","0","0","0"
"6.623397","0","0","1","0","0","1","0","0","0"
"6.628521","0","0","1","0","0","1","0","0","0"
"6.633386","0","0","1","0","0","1","0","0","0"
"6.638533","0","0","1","0","0","1","0","0","0"
"6.644491","0","0","1","0","0","1","0","0","0"
"6.650372","0","0","1","0","0","1","0","0","0"
"6.65535","0","0","1","0","0","1","0","0","0"
"6.660329","0","0","1","0","0","1","0","0","0"
"6.665281","0","0","1","0","0","1","0","0","0"
"6.998614","0","0","1","0","0","1","0","0","0"
"7.003758","0","0","1","0","0","1","0","0","0"
"7.00879","0","0","1","0","0","1","0","0","0"
"7.013704","0","0","1","0","0","1","0","0","0"
"7.018726","0","0","1","0","0","1","0","0","0"
"7.023706","0","0","1","0","0","1","0","0","0"
"7.029237","0","0","1","0","0","1","0","0","0"
"7.03424","0","0","1","0","0","1","0","0","0"
"7.039236","0","0","1","0","0","1","0","0","0"
"7.044201","0","0","1","0","0","1","0","0","0"
"7.049234","0","0","1","0","0","1","0","0","0"
"7.054156","0","0","1","0","0","1","0","0","0"
"7.059198","0","0","1","0","0","1","0","0","0"
"7.064218","0","0","1","0","0","1","0","0","0"
"7.069442","0","0","1","0","0","1","0","0","0"
"7.075137","0","0","1","0","0","1","0","0","0"
"7.080137","0","0","1","0","0","1","0","0","0"
"7.085137","0","0","1","0","0","1","0","0","0"
"7.090277","0","0","1","0","0","1","0","0","0"
"7.095061","0","0","1","0","0","1","0","0","0"
"7.100239","0","0","1","0","0","1","0","0","0"
"7.106024","0","0","1","0","0","1","0","0","0"
"7.111015","0","0","1","0","0","1","0","0","0"
"7.116177","0","0","1","0","0","1","0","0","0"
"7.122003","0","0","1","0","0","1","0","0","0"
"7.126997","0","0","1","0","0","1","0","0","0"
"7.131927","0","0","1","0","0","1","0","0","0"
"7.137005","0","0","1","0","0","1","0","0","0"
"7.141912","0","0","1","0","0","1","0","0","0"
"7.147005","0","0","1","0","0","1","0","0","0"
"7.152081","0","0","1","0","0","1","0","0","0"
"7.156911","0","0","1","0","0","1","0","0","0"
"7.161865","0","0","1","0","0","1","0","0","0"
"7.16689","0","0","1","0","0","1","0","0","0"
"7.171862","0","0","1","0","0","1","0","0","0"
"7.176935","0","0","1","0","0","1","0","0","0"
"7.181816","0","0","1","0","0","1","0","0","0"
"7.186824","0","0","1","0","0","1","0","0","0"
"7.191803","0","0","1","0","0","1","0","0","0"
"7.196773","0","0","1","0","0","1","0","0","0"
"7.201852","0","0","1","0","0","1","0","0","0"
"7.206764","0","0","1","0","0","1","0","0","0"
"7.211737","0","0","1","0","0","1","0","0","0"
"7.216728","0","0","1","0","0","1","0","0","0"
"7.221707","0","0","1","0","0","1","0","0","0"
"7.226728","0","0","1","0","0","1","0","0","0"
"7.231577","0","0","1","0","0","1","0","0","0"
"7.236593","0","0","1","0","0","1","0","0","0"
"7.241611","0","0","1","0","0","1","0","0","0"
"7.246595","0","0","1","0","0","1","0","0","0"
"7.25165","0","0","1","0","0","1","0","0","0"
"7.257058","0","0","1","0","0","1","0","0","0"
"7.262573","0","0","1","0","0","1","0","0","0"
"7.267543","0","0","1","0","0","1","0","0","0"
"7.27259","0","0","1","0","0","1","0","0","0"
"7.277574","0","0","1","0","0","1","0","0","0"
"7.282482","0","0","1","0","0","1","0","0","0"
"7.287458","0","0","1","0","0","1","0","0","0"
"7.292492","0","0","1","0","0","1","0","0","0"
"7.297505","0","0","1","0","0","1","0","0","0"
"7.30255","0","0","1","0","0","1","0","0","0"
"7.307433","0","0","1","0","0","1","0","0","0"
"7.312419","0","0","1","0","0","1","0","0","0"
"7.317404","0","0","1","0","0","1","0","0","0"
"7.322446","0","0","1","0","0","1","0","0","0"
"7.327362","0","0","1","0","0","1","0","0","0"
"7.332792","0","0","1","0","0","1","0","0","0"
"7.337799","0","0","1","0","0","1","0","0","0"
"7.342824","0","0","1","0","0","1","0","0","0"
"7.34776","0","0","1","0","0","1","0","0","0"
"7.352777","0","0","1","0","0","1","0","0","0"
"7.357781","0","0","1","0","0","1","0","0","0"
"7.362694","0","0","1","0","0","1","0","0","0"
"7.367755","0","0","1","0","0","1","0","0","0"
"7.372715","0","0","1","0","0","1","0","0","0"
"7.377701","0","0","1","0","0","1","0","0","0"
"7.382652","0","0","1","0","0","1","0","0","0"
"7.387649","0","0","1","0","0","1","0","0","0"
"7.392662","0","0","1","0","0","1","0","0","0"
"7.397609","0","0","1","0","0","1","0","0","0"
"7.402637","0","0","1","0","0","1","0","0","0"
"7.4076","0","0","1","0","0","1","0","0","0"
"7.412626","0","0","1","0","0","1","0","0","0"
"7.417626","0","0","1","0","0","1","0","0","0"
"7.422591","0","0","1","0","0","1","0","0","0"
"7.427737","0","0","1","0","0","1","0","0","0"
"7.433532","0","0","1","0","0","1","0","0","0"
"7.438532","0","0","1","0","0","1","0","0","0"
"7.443995","0","0","1","0","0","1","0","0","0"
"7.44948","0","0","1","0","0","1","0","0","0"
"7.454587","0","0","1","0","0","1","0","0","0"
"7.459516","0","0","1","0","0","1","0","0","0"
"7.46452","0","0","1","0","0","1","0","0","0"
"7.469469","0","0","1","0","0","1","0","0","0"
"7.474984","0","0","1","0","0","1","0","0","0"
"7.480468","0","0","1","0","0","1","0","0","0"
"7.485424","0","0","1","0","0","1","0","0","0"
"7.490415","0","0","1","0","0","1","0","0","0"
"7.495414","0","0","1","0","0","1","0","0","0"
"7.500345","0","0","1","0","0","1","0","0","0"
"7.833678","0","0","1","0","0","1","0","0","0"
"7.839207","0","0","1","0","0","1","0","0","0"
"7.844305","0","0","1","0","0","1","0","0","0"
"7.84923","0","0","1","0","0","1","0","0","0"
"7.854288","0","0","1","0","0","1","0","0","0"
"7.859246","0","0","1","0","0","1","0","0","0"
"7.864098","0","0","1","0","0","1","0","0","0"
"7.870417","0","0","1","0","0","1","0","0","0"
"7.876247","0","0","1","0","0","1","0","0","0"
"7.881107","0","0","1","0","0","1","0","0","0"
"7.886288","0","0","1","0","0","1","0","0","0"
"7.891173","0","0","1","0","0","1","0","0","0"
"7.896032","0","0","1","0","0","1","0","0","0"
"7.901986","0","0","1","0","0","1","0","0","0"
"7.907181","0","0","1","0","0","1","0","0","0"
"7.912035","0","0","1","0","0","1","0","0","0"
"7.917007","0","0","1","0","0","1","0","0","0"
"7.92217","0","0","1","0","0","1","0","0","0"
"7.926952","0","0","1","0","0","1","0","0","0"
"7.932886","0","0","1","0","0","1","0","0","0"
"7.938087","0","0","1","0","0","1","0","0","0"
"7.942943","0","0","1","0","0","1","0","0","0"
"7.947909","0","0","1","0","0","1","0","0","0"
"7.953115","0","0","1","0","0","1","0","0","0"
"7.957928","0","0","1","0","0","1","0","0","0"
"7.962836","0","0","1","0","0","1","0","0","0"
"7.96797","0","0","1","0","0","1","0","0","0"
"7.97271","0","0","1","0","0","1","0","0","0"
"7.977811","0","0","1","0","0","1","0","0","0"
"7.982709","0","0","1","0","0","1","0","0","0"
"7.987796","0","0","1","0","0","1","0","0","0"
"7.994814","0","0","1","0","0","1","0","0","0"
"7.999737","0","0","1","0","0","1","0","0","0"
"8.004577","0","0","1","0","0","1","0","0","0"
"8.009634","0","0","1","0","0","1","0","0","0"
"8.014801","0","0","1","0","0","1","0","0","0"
"8.020593","0","0","1","0","0","1","0","0","0"
"8.025827","0","0","1","0","0","1","0","0","0"
"8.031652","0","0","1","0","0","1","0","0","0"
"8.036583","0","0","1","0","0","1","0","0","0"
"8.042056","0","0","1","0","0","1","0","0","0"
"8.047523","0","0","1","0","0","1","0","0","0"
"8.052606","0","0","1","0","0","1","0","0","0"
"8.057486","0","0","1","0","0","1","0","0","0"
"8.062427","0","0","1","0","0","1","0","0","0"
"8.067613","0","0","1","0","0","1","0","0","0"
"8.072412","0","0","1","0","0","1","0","0","0"
"8.07755","0","0","1","0","0","1","0","0","0"
"8.08356","0","0","1","0","0","1","0","0","0"
"8.089635","0","0","1","0","0","1","0","0","0"
"8.095311","0","0","1","0","0","1","0","0","0"
"8.100447","0","0","1","0","0","1","0","0","0"
"8.105418","0","0","1","0","0","1","0","0","0"
"8.110843","0","0","1","0","0","1","0","0","0"
"8.11637","0","0","1","0","0","1","0","0","0"
"8.121502","0","0","1","0","0","1","0","0","0"
"8.126249","0","0","1","0","0","1","0","0","0"
"8.131394","0","0","1","0","0","1","0","0","0"
"8.136389","0","0","1","0","0","1","0","0","0"
"8.1413","0","0","1","0","0","1","0","0","0"
"8.14658","0","0","1","0","0","1","0","0","0"
"8.154308","0","0","1","0","0","1","0","0","0"
"8.159208","0","0","1","0","0","1","0","0","0"
"8.164131","0","0","1","0","0","1","0","0","0"
"8.169235","0","0","1","0","0","1","0","0","0"
"8.174574","0","0","1","0","0","1","0","0","0"
"8.179585","0","0","1","0","0","1","0","0","0"
"8.184612","0","0","1","0","0","1","0","0","0"
"8.189627","0","0","1","0","0","1","0","0","0"
"8.194567","0","0","1","0","0","1","0","0","0"
"8.199549","0","0","1","0","0","1","0","0","0"
"8.205666","0","0","1","0","0","1","0","0","0"
"8.21056","0","0","1","0","0","1","0","0","0"
"8.21553","0","0","1","0","0","1","0","0","0"
"8.220596","0","0","1","0","0","1","0","0","0"
"8.225489","0","0","1","0","0","1","0","0","0"
"8.230453","0","0","1","0","0","1","0","0","0"
"8.235645","0","0","1","0","0","1","0","0","0"
"8.240461","0","0","1","0","0","1","0","0","0"
"8.245436","0","0","1","0","0","1","0","0","0"
"8.250431","0","0","1","0","0","1","0","0","0"
"8.255487","0","0","1","0","0","1","0","0","0"
"8.260624","0","0","1","0","0","1","0","0","0"
"8.265383","0","0","1","0","0","1","0","0","0"
"8.27046","0","0","1","0","0","1","0","0","0"
"8.275423","0","0","1","0","0","1","0","0","0"
"8.28035","0","0","1","0","0","1","0","0","0"
"8.285404","0","0","1","0","0","1","0","0","0"
"8.290314","0","0","1","0","0","1","0","0","0"
"8.295437","0","0","1","0","0","1","0","0","0"
"8.30027","0","0","1","0","0","1","0","0","0"
"8.305397","0","0","1","0","0","1","0","0","0"
"8.31127","0","0","1","0","0","1","0","0","0"
"8.316246","0","0","1","0","0","1","0","0","0"
"8.32128","0","0","1","0","0","1","0","0","0"
"8.326258","0","0","1","0","0","1","0","0","0"
"8.331173","0","0","1","0","0","1","0","0","0"
"8.664507","0","0","1","0","0","1","0","0","0"
"8.669899","0","0","1","0","0","1","0","0","0"
"8.674725","0","0","1","0","0","1","0","0","0"
"8.679731","0","0","1","0","0","1","0","0","0"
"8.684769","0","0","1","0","0","1","0","0","0"
"8.689693","0","0","1","0","0","1","0","0","0"
"8.694672","0","0","1","0","0","1","0","0","0"
"8.699699","0","0","1","0","0","1","0","0","0"
"8.704693","0","0","1","0","0","1","0","0","0"
"8.709539","0","0","1","0","0","1","0","0","0"
"8.714617","0","0","1","0","0","1","0","0","0"
"8.72051","0","0","1","0","0","1","0","0","0"
"8.725538","0","0","1","0","0","1","0","0","0"
"8.730497","0","0","1","0","0","1","0","0","0"
"8.735476","0","0","1","0","0","1","0","0","0"
"8.74044","0","0","1","0","0","1","0","0","0"
"8.74544","0","0","1","0","0","1","0","0","0"
"8.750443","0","0","1","0","0","1","0","0","0"
"8.755428","0","0","1","0","0","1","0","0","0"
"8.760395","0","0","1","0","0","1","0","0","0"
"8.76539","0","0","1","0","0","1","0","0","0"
"8.770355","0","0","1","0","0","1","0","0","0"
"8.775364","0","0","1","0","0","1","0","0","0"
"8.78034","0","0","1","0","0","1","0","0","0"
"8.785322","0","0","1","0","0","1","0","0","0"
"8.790298","0","0","1","0","0","1","0","0","0"
"8.795256","0","0","1","0","0","1","0","0","0"
"8.800312","0","0","1","0","0","1","0","0","0"
"8.805277","0","0","1","0","0","1","0","0","0"
"8.810263","0","0","1","0","0","1","0","0","0"
"8.815338","0","0","1","0","0","1","0","0","0"
"8.819979","0","0","1","0","0","1","0","0","0"
"8.824596","0","0","1","0","0","1","0","0","0"
"8.829615","0","0","1","0","0","1","0","0","0"
"8.834602","0","0","1","0","0","1","0","0","0"
"8.839579","0","0","1","0","0","1","0","0","0"
"8.844706","0","0","1","0","0","1","0","0","0"
"8.849665","0","0","1","0","0","1","0","0","0"
"8.85458","0","0","1","0","0","1","0","0","0"
"8.85957","0","0","1","0","0","1","0","0","0"
"8.8645","0","0","1","0","0","1","0","0","0"
"8.869511","0","0","1","0","0","1","0","0","0"
"8.874674","0","0","1","0","0","1","0","0","0"
"8.879459","0","0","1","0","0","1","0","0","0"
"8.88446","0","0","1","0","0","1","0","0","0"
"8.889399","0","0","1","0","0","1","0","0","0"
"8.894453","0","0","1","0","0","1","0","0","0"
"8.899475","0","0","1","0","0","1","0","0","0"
"8.904396","0","0","1","0","0","1","0","0","0"
"8.909353","0","0","1","0","0","1","0","0","0"
"8.914366","0","0","1","0","0","1","0","0","0"
"8.920258","0","0","1","0","0","1","0","0","0"
"8.925373","0","0","1","0","0","1","0","0","0"
"8.930332","0","0","1","0","0","1","0","0","0"
"8.935352","0","0","1","0","0","1","0","0","0"
"8.940613","0","0","1","0","0","1","0","0","0"
"8.945261","0","0","1","0","0","1","0","0","0"
"8.950308","0","0","1","0","0","1","0","0","0"
"8.955246","0","0","1","0","0","1","0","0","0"
"8.960323","0","0","1","0","0","1","0","0","0"
"8.965393","0","0","1","0","0","1","0","0","0"
"8.970232","0","0","1","0","0","1","0","0","0"
"8.975201","0","0","1","0","0","1","0","0","0"
"8.980223","0","0","1","0","0","1","0","0","0"
"8.985201","0","0","1","0","0","1","0","0","0"
"8.990177","0","0","1","0","0","1","0","0","0"
"8.995173","0","0","1","0","0","1","0","0","0"
"9.000198","0","0","1","0","0","1","0","0","0"
"9.005125","0","0","1","0","0","1","0","0","0"
"9.010447","0","0","1","0","0","1","0","0","0"
"9.015368","0","0","1","0","0","1","0","0","0"
"9.02042","0","0","1","0","0","1","0","0","0"
"9.025364","0","0","1","0","0","1","0","0","0"
"9.030355","0","0","1","0","0","1","0","0","0"
"9.035398","0","0","1","0","0","1","0","0","0"
"9.040285","0","0","1","0","0","1","0","0","0"
"9.045351","0","0","1","0","0","1","0","0","0"
"9.050365","0","0","1","0","0","1","0","0","0"
"9.055267","0","0","1","0","0","1","0","0","0"
"9.060602","0","0","1","0","0","1","0","0","0"
"9.06554","0","0","1","0","0","1","0","0","0"
"9.070518","0","0","1","0","0","1","0","0","0"
"9.075497","0","0","1","0","0","1","0","0","0"
"9.080526","0","0","1","0","0","1","0","0","0"
"9.085516","0","0","1","0","0","1","0","0","0"
"9.09045","0","0","1","0","0","1","0","0","0"
"9.095434","0","0","1","0","0","1","0","0","0"
"9.100481","0","0","1","0","0","1","0","0","0"
"9.105436","0","0","1","0","0","1","0","0","0"
"9.110689","0","0","1","0","0","1","0","0","0"
"9.115732","0","0","1","0","0","1","0","0","0"
"9.1206","0","0","1","0","0","1","0","0","0"
"9.125557","0","0","1","0","0","1","0","0","0"
"9.130566","0","0","1","0","0","1","0","0","0"
"9.136513","0","0","1","0","0","1","0","0","0"
"9.14156","0","0","1","0","0","1","0","0","0"
"9.146584","0","0","1","0","0","1","0","0","0"
"9.152155","0","0","1","0","0","1","0","0","0"
"9.15752","0","0","1","0","0","1","0","0","0"
"9.162521","0","0","1","0","0","1","0","0","0"
"9.495853","0","0","1","0","0","1","0","0","0"
"9.501286","0","0","1","0","0","1","0","0","0"
"9.506258","0","0","1","0","0","1","0","0","0"
"9.511234","0","0","1","0","0","1","0","0","0"
"9.516956","0","0","1","0","0","1","0","0","0"
"9.522146","0","0","1","0","0","1","0","0","0"
"9.527176","0","0","1","0","0","1","0","0","0"
"9.532211","0","0","1","0","0","1","0","0","0"
"9.537163","0","0","1","0","0","1","0","0","0"
"9.542152","0","0","1","0","0","1","0","0","0"
"9.547117","0","0","1","0","0","1","0","0","0"
"9.552105","0","0","1","0","0","1","0","0","0"
"9.557087","0","0","1","0","0","1","0","0","0"
"9.562933","0","0","1","0","0","1","0","0","0"
"9.568073","0","0","1","0","0","1","0","0","0"
"9.57308","0","0","1","0","0","1","0","0","0"
"9.578037","0","0","1","0","0","1","0","0","0"
"9.583069","0","0","1","0","0","1","0","0","0"
"9.587997","0","0","1","0","0","1","0","0","0"
"9.593321","0","0","1","0","0","1","0","0","0"
"9.598022","0","0","1","0","0","1","0","0","0"
"9.603003","0","0","1","0","0","1","0","0","0"
"9.608931","0","0","1","0","0","1","0","0","0"
"9.613955","0","0","1","0","0","1","0","0","0"
"9.618921","0","0","1","0","0","1","0","0","0"
"9.623919","0","0","1","0","0","1","0","0","0"
"9.629107","0","0","1","0","0","1","0","0","0"
"9.633909","0","0","1","0","0","1","0","0","0"
"9.6394","0","0","1","0","0","1","0","0","0"
"9.644865","0","0","1","0","0","1","0","0","0"
"9.650543","0","0","1","0","0","1","0","0","0"
"9.655373","0","0","1","0","0","1","0","0","0"
"9.660355","0","0","1","0","0","1","0","0","0"
"9.665327","0","0","1","0","0","1","0","0","0"
"9.670322","0","0","1","0","0","1","0","0","0"
"9.675356","0","0","1","0","0","1","0","0","0"
"9.680326","0","0","1","0","0","1","0","0","0"
"9.685759","0","0","1","0","0","1","0","0","0"
"9.691313","0","0","1","0","0","1","0","0","0"
"9.696327","0","0","1","0","0","1","0","0","0"
"9.701817","0","0","1","0","0","1","0","0","0"
"9.70727","0","0","1","0","0","1","0","0","0"
"9.712242","0","0","1","0","0","1","0","0","0"
"9.717247","0","0","1","0","0","1","0","0","0"
"9.722231","0","0","1","0","0","1","0","0","0"
"9.727228","0","0","1","0","0","1","0","0","0"
"9.732323","0","0","1","0","0","1","0","0","0"
"9.737175","0","0","1","0","0","1","0","0","0"
"9.742203","0","0","1","0","0","1","0","0","0"
"9.747158","0","0","1","0","0","1","0","0","0"
"9.75215","0","0","1","0","0","1","0","0","0"
"9.758245","0","0","1","0","0","1","0","0","0"
"9.763132","0","0","1","0","0","1","0","0","0"
"9.76808","0","0","1","0","0","1","0","0","0"
"9.773067","0","0","1","0","0","1","0","0","0"
"9.778067","0","0","1","0","0","1","0","0","0"
"9.783035","0","0","1","0","0","1","0","0","0"
"9.78804","0","0","1","0","0","1","0","0","0"
"9.793072","0","0","1","0","0","1","0","0","0"
"9.798031","0","0","1","0","0","1","0","0","0"
"9.80315","0","0","1","0","0","1","0","0","0"
"9.807993","0","0","1","0","0","1","0","0","0"
"9.812983","0","0","1","0","0","1","0","0","0"
"9.818314","0","0","1","0","0","1","0","0","0"
"9.822952","0","0","1","0","0","1","0","0","0"
"9.827925","0","0","1","0","0","1","0","0","0"
"9.832943","0","0","1","0","0","1","0","0","0"
"9.837908","0","0","1","0","0","1","0","0","0"
"9.842953","0","0","1","0","0","1","0","0","0"
"9.847893","0","0","1","0","0","1","0","0","0"
"9.852808","0","0","1","0","0","1","0","0","0"
"9.857817","0","0","1","0","0","1","0","0","0"
"9.862797","0","0","1","0","0","1","0","0","0"
"9.867756","0","0","1","0","0","1","0","0","0"
"9.873243","0","0","1","0","0","1","0","0","0"
"9.87875","0","0","1","0","0","1","0","0","0"
"9.883757","0","0","1","0","0","1","0","0","0"
"9.888693","0","0","1","0","0","1","0","0","0"
"9.893696","0","0","1","0","0","1","0","0","0"
"9.898685","0","0","1","0","0","1","0","0","0"
"9.903639","0","0","1","0","0","1","0","0","0"
"9.90867","0","0","1","0","0","1","0","0","0"
"9.913647","0","0","1","0","0","1","0","0","0"
"9.918612","0","0","1","0","0","1","0","0","0"
"9.923584","0","0","1","0","0","1","0","0","0"
"9.928602","0","0","1","0","0","1","0","0","0"
"9.933615","0","0","1","0","0","1","0","0","0"
"9.93856","0","0","1","0","0","1","0","0","0"
"9.943594","0","0","1","0","0","1","0","0","0"
"9.948555","0","0","1","0","0","1","0","0","0"
"9.953606","0","0","1","0","0","1","0","0","0"
"9.95853","0","0","1","0","0","1","0","0","0"
"9.96349","0","0","1","0","0","1","0","0","0"
"9.968502","0","0","1","0","0","1","0","0","0"
"9.973497","0","0","1","0","0","1","0","0","0"
"9.978479","0","0","1","0","0","1","0","0","0"
"9.983582","0","0","1","0","0","1","0","0","0"
"9.988413","0","0","1","0","0","1","0","0","0"
"9.993439","0","0","1","0","0","1","0","0","0"
"9.998426","0","0","1","0","0","1","0","0","0"
"10.33176","0","0","1","0","0","1","0","0","0"
"10.33703","0","0","1","0","0","1","0","0","0"
"10.34199","0","0","1","0","0","1","0","0","0"
"10.34702","0","0","1","0","0","1","0","0","0"
"10.35203","0","0","1","0","0","1","0","0","0"
"10.35696","0","0","1","0","0","1","0","0","0"
"10.36199","0","0","1","0","0","1","0","0","0"
"10.36695","0","0","1","0","0","1","0","0","0"
"10.37191","0","0","1","0","0","1","0","0","0"
"10.37691","0","0","1","0","0","1","0","0","0"
"10.38188","0","0","1","0","0","1","0","0","0"
"10.38688","0","0","1","0","0","1","0","0","0"
"10.39231","0","0","1","0","0","1","0","0","0"
"10.39795","0","0","1","0","0","1","0","0","0"
"10.40285","0","0","1","0","0","1","0","0","0"
"10.40784","0","0","1","0","0","1","0","0","0"
"10.41285","0","0","1","0","0","1","0","0","0"
"10.41779","0","0","1","0","0","1","0","0","0"
"10.42311","0","0","1","0","0","1","0","0","0"
"10.42882","0","0","1","0","0","1","0","0","0"
"10.43381","0","0","1","0","0","1","0","0","0"
"10.43871","0","0","1","0","0","1","0","0","0"
"10.44375","0","0","1","0","0","1","0","0","0"
"10.44872","0","0","1","0","0","1","0","0","0"
"10.4537","0","0","1","0","0","1","0","0","0"
"10.45869","0","0","1","0","0","1","0","0","0"
"10.46369","0","0","1","0","0","1","0","0","0"
"10.46872","0","0","1","0","0","1","0","0","0"
"10.47469","0","0","1","0","0","1","0","0","0"
"10.47964","0","0","1","0","0","1","0","0","0"
"10.48476","0","0","1","0","0","1","0","0","0"
"10.48975","0","0","1","0","0","1","0","0","0"
"10.49459","0","0","1","0","0","1","0","0","0"
"10.49959","0","0","1","0","0","1","0","0","0"
"10.50454","0","0","1","0","0","1","0","0","0"
"10.50956","0","0","1","0","0","1","0","0","0"
"10.51458","0","0","1","0","0","1","0","0","0"
"10.51954","0","0","1","0","0","1","0","0","0"
"10.52456","0","0","1","0","0","1","0","0","0"
"10.52955","0","0","1","0","0","1","0","0","0"
"10.53452","0","0","1","0","0","1","0","0","0"
"10.53955","0","0","1","0","0","1","0","0","0"
"10.54449","0","0","1","0","0","1","0","0","0"
"10.54955","0","0","1","0","0","1","0","0","0"
"10.55445","0","0","1","0","0","1","0","0","0"
"10.55945","0","0","1","0","0","1","0","0","0"
"10.56446","0","0","1","0","0","1","0","0","0"
"10.56938","0","0","1","0","0","1","0","0","0"
"10.57436","0","0","1","0","0","1","0","0","0"
"10.57937","0","0","1","0","0","1","0","0","0"
"10.58435","0","0","1","0","0","1","0","0","0"
"10.58937","0","0","1","0","0","1","0","0","0"
"10.59435","0","0","1","0","0","1","0","0","0"
"10.59929","0","0","1","0","0","1","0","0","0"
"10.60443","0","0","1","0","0","1","0","0","0"
"10.60927","0","0","1","0","0","1","0","0","0"
"10.61432","0","0","1","0","0","1","0","0","0"
"10.61922","0","0","1","0","0","1","0","0","0"
"10.62422","0","0","1","0","0","1","0","0","0"
"10.62925","0","0","1","0","0","1","0","0","0"
"10.63424","0","0","1","0","0","1","0","0","0"
"10.63937","0","0","1","0","0","1","0","0","0"
"10.64418","0","0","1","0","0","1","0","0","0"
"10.64945","0","0","1","0","0","1","0","0","0"
"10.65518","0","0","1","0","0","1","0","0","0"
"10.66016","0","0","1","0","0","1","0","0","0"
"10.66516","0","0","1","0","0","1","0","0","0"
"10.6701","0","0","1","0","0","1","0","0","0"
"10.67513","0","0","1","0","0","1","0","0","0"
"10.6801","0","0","1","0","0","1","0","0","0"
"10.68514","0","0","1","0","0","1","0","0","0"
"10.69003","0","0","1","0","0","1","0","0","0"
"10.69519","0","0","1","0","0","1","0","0","0"
"10.7001","0","0","1","0","0","1","0","0","0"
"10.70505","0","0","1","0","0","1","0","0","0"
"10.71008","0","0","1","0","0","1","0","0","0"
"10.71503","0","0","1","0","0","1","0","0","0"
"10.72058","0","0","1","0","0","1","0","0","0"
"10.72596","0","0","1","0","0","1","0","0","0"
"10.73102","0","0","1","0","0","1","0","0","0"
"10.73596","0","0","1","0","0","1","0","0","0"
"10.74096","0","0","1","0","0","1","0","0","0"
"10.74596","0","0","1","0","0","1","0","0","0"
"10.75114","0","0","1","0","0","1","0","0","0"
"10.75693","0","0","1","0","0","1","0","0","0"
"10.76193","0","0","1","0","0","1","0","0","0"
"10.76689","0","0","1","0","0","1","0","0","0"
"10.77186","0","0","1","0","0","1","0","0","0"
"10.77682","0","0","1","0","0","1","0","0","0"
"10.78187","0","0","1","0","0","1","0","0","0"
"10.78683","0","0","1","0","0","1","0","0","0"
"10.79225","0","0","1","0","0","1","0","0","0"
"10.7985","0","0","1","0","0","1","0","0","0"
"10.80383","0","0","1","0","0","1","0","0","0"
"10.80878","0","0","1","0","0","1","0","0","0"
"10.81381","0","0","1","0","0","1","0","0","0"
"10.81873","0","0","1","0","0","1","0","0","0"
"10.82374","0","0","1","0","0","1","0","0","0"
"10.8288","0","0","1","0","0","1","0","0","0"
"10.83373","0","0","1","0","0","1","0","0","0"
"11.16707","0","0","1","0","0","1","0","0","0"
"11.17239","0","0","1","0","0","1","0","0","0"
"11.1773","0","0","1","0","0","1","0","0","0"
"11.18236","0","0","1","0","0","1","0","0","0"
"11.18733","0","0","1","0","0","1","0","0","0"
"11.19231","0","0","1","0","0","1","0","0","0"
"11.19725","0","0","1","0","0","1","0","0","0"
"11.20224","0","0","1","0","0","1","0","0","0"
"11.20727","0","0","1","0","0","1","0","0","0"
"11.21222","0","0","1","0","0","1","0","0","0"
"11.2172","0","0","1","0","0","1","0","0","0"
"11.22261","0","0","1","0","0","1","0","0","0"
"11.22819","0","0","1","0","0","1","0","0","0"
"11.2332","0","0","1","0","0","1","0","0","0"
"11.23812","0","0","1","0","0","1","0","0","0"
"11.24313","0","0","1","0","0","1","0","0","0"
"11.24811","0","0","1","0","0","1","0","0","0"
"11.25313","0","0","1","0","0","1","0","0","0"
"11.25814","0","0","1","0","0","1","0","0","0"
"11.26308","0","0","1","0","0","1","0","0","0"
"11.26808","0","0","1","0","0","1","0","0","0"
"11.27306","0","0","1","0","0","1","0","0","0"
"11.27807","0","0","1","0","0","1","0","0","0"
"11.28307","0","0","1","0","0","1","0","0","0"
"11.288","0","0","1","0","0","1","0","0","0"
"11.293","0","0","1","0","0","1","0","0","0"
"11.29797","0","0","1","0","0","1","0","0","0"
"11.30297","0","0","1","0","0","1","0","0","0"
"11.30793","0","0","1","0","0","1","0","0","0"
"11.31295","0","0","1","0","0","1","0","0","0"
"11.31805","0","0","1","0","0","1","0","0","0"
"11.32294","0","0","1","0","0","1","0","0","0"
"11.32795","0","0","1","0","0","1","0","0","0"
"11.3329","0","0","1","0","0","1","0","0","0"
"11.33816","0","0","1","0","0","1","0","0","0"
"11.34287","0","0","1","0","0","1","0","0","0"
"11.34785","0","0","1","0","0","1","0","0","0"
"11.35294","0","0","1","0","0","1","0","0","0"
"11.35783","0","0","1","0","0","1","0","0","0"
"11.36282","0","0","1","0","0","1","0","0","0"
"11.3678","0","0","1","0","0","1","0","0","0"
"11.37278","0","0","1","0","0","1","0","0","0"
"11.37788","0","0","1","0","0","1","0","0","0"
"11.38275","0","0","1","0","0","1","0","0","0"
"11.38775","0","0","1","0","0","1","0","0","0"
"11.39274","0","0","1","0","0","1","0","0","0"
"11.39772","0","0","1","0","0","1","0","0","0"
"11.40286","0","0","1","0","0","1","0","0","0"
"11.40767","0","0","1","0","0","1","0","0","0"
"11.41266","0","0","1","0","0","1","0","0","0"
"11.41768","0","0","1","0","0","1","0","0","0"
"11.42263","0","0","1","0","0","1","0","0","0"
"11.42769","0","0","1","0","0","1","0","0","0"
"11.43295","0","0","1","0","0","1","0","0","0"
"11.4376","0","0","1","0","0","1","0","0","0"
"11.44257","0","0","1","0","0","1","0","0","0"
"11.44761","0","0","1","0","0","1","0","0","0"
"11.45262","0","0","1","0","0","1","0","0","0"
"11.45757","0","0","1","0","0","1","0","0","0"
"11.46253","0","0","1","0","0","1","0","0","0"
"11.46756","0","0","1","0","0","1","0","0","0"
"11.47261","0","0","1","0","0","1","0","0","0"
"11.4782","0","0","1","0","0","1","0","0","0"
"11.4835","0","0","1","0","0","1","0","0","0"
"11.48847","0","0","1","0","0","1","0","0","0"
"11.4945","0","0","1","0","0","1","0","0","0"
"11.49947","0","0","1","0","0","1","0","0","0"
"11.50445","0","0","1","0","0","1","0","0","0"
"11.50944","0","0","1","0","0","1","0","0","0"
"11.51442","0","0","1","0","0","1","0","0","0"
"11.51956","0","0","1","0","0","1","0","0","0"
"11.52436","0","0","1","0","0","1","0","0","0"
"11.52937","0","0","1","0","0","1","0","0","0"
"11.5344","0","0","1","0","0","1","0","0","0"
"11.53937","0","0","1","0","0","1","0","0","0"
"11.5444","0","0","1","0","0","1","0","0","0"
"11.54929","0","0","1","0","0","1","0","0","0"
"11.5543","0","0","1","0","0","1","0","0","0"
"11.5593","0","0","1","0","0","1","0","0","0"
"11.5643","0","0","1","0","0","1","0","0","0"
"11.56945","0","0","1","0","0","1","0","0","0"
"11.57422","0","0","1","0","0","1","0","0","0"
"11.57924","0","0","1","0","0","1","0","0","0"
"11.58421","0","0","1","0","0","1","0","0","0"
"11.58922","0","0","1","0","0","1","0","0","0"
"11.59426","0","0","1","0","0","1","0","0","0"
"11.59916","0","0","1","0","0","1","0","0","0"
"11.60417","0","0","1","0","0","1","0","0","0"
"11.60918","0","0","1","0","0","1","0","0","0"
"11.61415","0","0","1","0","0","1","0","0","0"
"11.62009","0","0","1","0","0","1","0","0","0"
"11.62753","0","0","1","0","0","1","0","0","0"
"11.63307","0","0","1","0","0","1","0","0","0"
"11.6381","0","0","1","0","0","1","0","0","0"
"11.64313","0","0","1","0","0","1","0","0","0"
"11.64806","0","0","1","0","0","1","0","0","0"
"11.65302","0","0","1","0","0","1","0","0","0"
"11.65814","0","0","1","0","0","1","0","0","0"
"11.66303","0","0","1","0","0","1","0","0","0"
"11.66816","0","0","1","0","0","1","0","0","0"
"12.0015","0","0","1","0","0","1","0","0","0"
"12.00669","0","0","1","0","0","1","0","0","0"
"12.01164","0","0","1","0","0","1","0","0","0"
"12.01661","0","0","1","0","0","1","0","0","0"
"12.02165","0","0","1","0","0","1","0","0","0"
"12.02664","0","0","1","0","0","1","0","0","0"
